Event,Value,Timestamp
task_advance,1,00:38
thrshldpsscntdngrttl_nrml,1,00:56
task_advance,2,01:36
thrshldpsscntdngrttl_nrml,2,01:39
danger_zone_start,ai_handler,01:46
thrshldpsscntttl_dngr,1,02:01
ai_incorrectlogging,1,02:01
ai_incorrectlogging,2,02:11
stppsscount_dngr,1,02:11
thrshldpsscntttl_dngr,1,02:21
ai_incorrectlogging,3,02:21
thrshldpsscntttl_dngr,2,02:31
ai_incorrectlogging,4,02:31
ai_correctlogging,1,02:39
task_advance,3,02:58
ai_correctlogging,2,03:17
ai_correctlogging,3,03:31
ai_correctlogging,4,03:34
wrong_entry,N/A,04:08
ai_correctlogging,5,04:13
ai_correctlogging,6,04:29
ai_correctlogging,7,04:31
task_advance,4,04:40
danger_zone_end,ai_handler,04:50
task_advance,5,05:44
task_advance,6,06:44
danger_zone_start,operator_handler,06:54
thrshldpsscntttl_dngr,3,07:09
thrshldpsscntttl_dngr,4,07:40
stppsscount_dngr,2,07:41
stppsscount_dngr,3,07:42
thrshldpsscntttl_dngr,5,07:56
task_advance,7,07:56
stppsscount_dngr,4,07:57
stppsscount_dngr,5,07:58
task_advance,8,11:17
danger_zone_end,operator_handler,11:32
task_advance,9,12:28
CHOICE,NO,12:35
task_advance,10,13:20
danger_zone_start,operator_handler,13:30
thrshldpsscntttl_dngr,6,13:44
task_advance,11,14:27
task_advance,12,15:18
danger_zone_end,operator_handler,15:28
task_advance,13,16:05
end,N/A,16:05
